{"0":{"0":29510982.4606278799,"1":11380242.7177855577,"2":26477640.4210764766,"3":29496007.8821446113,"4":15294401.8254761752,"5":16178222.9550966714,"6":0.0,"7":32838125.0605256706,"8":22664932.4238157347,"9":7141493.1381360255,"10":5697437.1078356318,"11":21741123.7419505008,"12":15330823.5678012557,"13":0.0,"14":8727703.3542615846,"15":13538083.6017941236,"16":37322118.5561766475,"17":27817314.6549600586,"18":18323232.8412551172,"19":14011545.9280543085,"20":12226965.4365710132,"21":9695258.0276439805,"22":17575256.501591716,"23":28112032.4837062135,"24":32889442.4765254408,"25":25424308.7487190142,"26":38359111.852166146,"27":44849688.702592209,"28":6889177.0797835551,"29":45600092.5606469065},"\ub9e4\ucd9c\uc561":{"0":29510982.4606278799,"1":11380242.7177855577,"2":26477640.4210764766,"3":29496007.8821446113,"4":15294401.8254761752,"5":16178222.9550966714,"6":-3211459.7460575141,"7":32838125.0605256706,"8":22664932.4238157347,"9":7141493.1381360255,"10":5697437.1078356318,"11":21741123.7419505008,"12":15330823.5678012557,"13":-8843402.8381844275,"14":8727703.3542615846,"15":13538083.6017941236,"16":37322118.5561766475,"17":27817314.6549600586,"18":18323232.8412551172,"19":14011545.9280543085,"20":12226965.4365710132,"21":9695258.0276439805,"22":17575256.501591716,"23":28112032.4837062135,"24":32889442.4765254408,"25":25424308.7487190142,"26":38359111.852166146,"27":44849688.702592209,"28":6889177.0797835551,"29":45600092.5606469065}}